{
  "random_forest": {
    "mse": 0.0014288049461111765,
    "mae": 0.019453083017552216,
    "r2": 0.9618646902077058
  },
  "gradient_boosting": {
    "mse": 0.0018843745459930473,
    "mae": 0.017631070347418173,
    "r2": 0.9497053763204379
  },
  "ensemble": {
    "mse": 0.0015227752932088548,
    "mae": 0.017860280643761633,
    "r2": 0.9593565883792422
  }
}